<?xml version="1.0" encoding="UTF-8"?>
<project-private xmlns="http://www.netbeans.org/ns/project-private/1">
    <editor-bookmarks xmlns="http://www.netbeans.org/ns/editor-bookmarks/2" lastBookmarkId="0"/>
    <open-files xmlns="http://www.netbeans.org/ns/projectui-open-files/2">
        <group>
            <file>file:/C:/Users/RORY%20JACKSON/Documents/Uni%20-%20Year%202/Java/DroneSimulator/src/DroneSimulator/LightSensorDrone.java</file>
            <file>file:/C:/Users/RORY%20JACKSON/Documents/Uni%20-%20Year%202/Java/DroneSimulator/src/DroneSimulator/Drone.java</file>
            <file>file:/C:/Users/RORY%20JACKSON/Documents/Uni%20-%20Year%202/Java/DroneSimulator/src/DroneSimulator/DroneArena.java</file>
            <file>file:/C:/Users/RORY%20JACKSON/Documents/Uni%20-%20Year%202/Java/DroneSimulator/src/DroneSimulator/DroneInterface.java</file>
        </group>
    </open-files>
</project-private>
